,Ala,Arg,Asn,Asp,GABA,Gln,Glu,Ser,Thea,TFA,C,EC,ECG,EGC,EGCG,EGCG 3'Me,GC,TC,Caffeine,TCh
sample001,0.301545985,3.526538315,0.17023543,0.96824673,0.344984755,5.02503758,1.61568755,0.986644355,15.59049597,28.52941667,3.453274385,10.5372873,20.27402813,25.63343217,57.15036962,3.2065431,4.99678039,125.2517151,31.48806688,3.117269785
sample002,0.38101669,2.437231395,0.208375665,1.085438755,0.578304745,5.451127135,2.15138473,1.36416894,25.5497455,39.20679355,2.548036785,14.23797477,30.25021865,36.28291558,56.9788158,3.62375128,3.99993317,147.921646,28.9235926,3.11864194
sample003,0.34206586,5.98150696,0.205905525,0.871689575,0.29802461,3.305386225,2.514415415,1.74490649,25.46685298,40.73075364,3.62400415,11.50578164,31.57305904,27.56246341,63.35610401,1.733418195,4.747204535,144.102035,24.72948968,3.60162857
sample004,1.19102752,4.857935155,0.283677205,0.78859454,0.583892775,5.162123275,2.268876575,1.976226385,28.04270012,45.15505354,3.13003452,10.5196418,23.72080267,30.4936228,55.43549677,3.185807975,4.36791676,130.8533233,26.38033604,3.637719895
sample005,0.845795425,4.65636856,0.178058325,0.56092851,0.61426805,2.459065515,1.75049259,1.509989095,18.1808542,30.75582027,4.74572499,10.05419904,29.1769935,24.85329874,63.93913923,3.467174755,6.09034814,142.3268784,30.04814344,3.758520195
sample006,0.4372673,6.5590065,0.25895707,1.21625247,0.32902149,5.12969774,2.347051345,1.879643055,26.04977621,44.20667318,2.63731979,15.68122813,31.88147463,44.92221692,58.83267253,3.9590151,5.101139435,163.0150665,28.99415165,2.095567525
sample007,0.962082135,4.211039465,0.323656575,0.630945625,0.621804545,6.52159806,2.600908275,1.48351158,21.62965581,38.98520207,2.36461551,11.45198399,20.66563705,24.95380242,45.58811055,3.740742335,3.427832025,112.1927239,29.09640437,3.337018625
sample008,0.47213134,10.21241302,0.25298054,0.80849329,0.370696955,5.948361815,2.537904035,1.82240917,29.61358691,52.03897707,2.348036425,13.7786468,30.54553353,34.17117061,55.02026503,3.954362885,4.455456235,144.2734715,26.7891909,2.119091065
sample009,0.309130915,8.814674835,0.156393815,0.84670155,0.33413899,1.68284811,2.21029264,0.8870564,21.24750517,36.48874242,4.0526179,12.4394133,36.89805796,31.69322084,62.84902586,3.724081845,5.27687434,156.933292,26.11947446,2.713263395
sample010,0.556824085,4.120615785,0.249570415,0.83337543,0.33427763,7.42307718,2.282964305,1.042262065,28.96945272,45.81241961,3.48116911,10.63323989,20.00994967,27.68380914,64.24370555,2.58508222,5.270827255,133.9077828,31.77563453,2.90956742
sample011,0.549804535,10.04321983,0.21378726,0.704435475,0.31886472,6.460626055,2.26684401,1.101916375,31.34324895,53.00274722,2.73920604,10.13046353,18.54859636,27.14297711,47.74643748,1.70136934,3.14565793,111.1547078,24.46595872,4.139964525
sample012,0.49568477,5.87906676,0.241752955,0.96050703,0.33692597,3.932854245,1.781941775,1.32225678,22.30095863,37.25194891,4.123447065,12.3146143,23.33914271,35.55372399,64.03972856,3.06055213,6.463237565,148.8944463,34.99889455,4.09859842
sample013,0.845701615,8.31552482,0.306609095,0.784907445,1.141183365,10.37703848,1.838030695,1.17997006,24.04998766,48.83895323,3.762148305,7.76770708,16.86180103,27.97916876,54.58755631,4.54565949,4.447473105,119.9515141,32.20909378,4.22277369
sample014,0.389002895,4.99707077,0.22094609,0.980320405,0.480136275,5.728870295,1.31951976,0.75577189,25.75376924,40.62540762,4.4132778,10.09260822,20.84151879,32.01890367,57.0165749,2.733230015,4.699298715,131.8154121,31.43773896,4.811553965
sample015,0.43490766,4.34574137,0.25323006,1.030105925,0.329077685,4.76437853,2.15718338,1.369901075,22.21824326,36.90276895,2.878874755,12.85944239,23.34406662,44.38265084,56.20896407,5.410490265,5.684780465,150.7692694,30.95592946,3.579568775
sample016,0.479836665,2.6436912,0.176093265,1.322922525,0.19843632,5.53630949,1.8152735,0.847207485,17.79961644,30.81938689,3.646616945,8.0832999,17.62985806,30.84271914,54.14338039,5.121110135,4.73409492,124.2010795,40.19640854,4.920596455
sample017,0.457959945,8.12095659,0.199172795,1.36171239,0.29624913,5.92834428,2.069283815,0.9949116,21.77234071,41.20093124,3.196498965,12.15614732,21.3659031,34.91762585,51.61331724,3.78138058,3.926841435,130.9577145,32.35569862,3.218981345
sample018,0.52347983,5.42699089,0.16181579,1.00155809,0.524996385,3.34748797,1.380457295,0.942539365,17.29335146,30.60267707,4.023786485,9.604227295,24.21657872,27.08321727,58.70927519,3.849691715,4.57330953,132.0600862,25.47179635,3.89437784
sample019,0.405819525,4.0212962,0.14838051,1.07793152,0.208622755,4.22552552,1.977425405,0.95448586,17.51953767,30.53902498,3.156744955,16.90679395,24.84114255,47.92976333,45.14590246,5.01304234,5.2513774,148.244767,26.77935396,3.83039182
sample020,0.99695725,12.07221449,0.134408665,0.61507015,0.56296713,3.4661896,1.565398135,0.99030665,20.29085858,40.69437064,3.3688066,7.627972455,19.1443458,23.87716869,61.53187791,3.63632053,5.097661085,124.2841531,24.81800672,3.06197406
sample021,0.537697985,8.287047765,0.20754844,1.55273985,0.35147994,6.856676445,2.01826757,0.85082462,35.73777079,56.40005339,3.83666343,9.52922585,19.23495005,27.03516767,52.00176669,1.24838273,4.18294865,117.0691051,29.38036655,3.01621751
sample022,0.44248524,9.04226432,0.181209425,0.89898308,0.44546896,6.305587385,1.627930345,0.78422966,22.48756369,42.21572211,3.34461046,12.83176902,29.37515934,33.24565884,54.30475585,4.34572208,3.88169129,141.3293669,29.3068766,4.026782285
sample023,0.782587905,9.58773248,0.166733865,1.251610905,0.50436776,6.7484466,2.31151022,1.108885435,30.92040197,53.38227714,3.328953425,10.1543694,33.00607571,30.2730663,53.62942693,2.85752396,2.82453181,136.0739475,24.82841544,4.29830275
sample024,0.862929205,6.87493462,0.276217405,1.17386436,0.69364488,7.191191785,2.176877805,1.151929955,27.44790054,47.84949055,3.35637257,9.83552809,19.62613955,29.77659469,50.9823669,3.03123832,4.360816445,120.9690566,34.28397928,4.8457413
sample025,0.462249135,5.00261822,0.200374765,1.24387843,0.256199895,3.351239395,2.50962791,0.9013317,29.04029244,42.9678119,3.72164249,11.92009549,25.89544554,31.90682903,65.39438405,2.967784665,4.64250433,146.4486856,35.41099625,4.049628985
sample026,1.29600908,6.80491429,0.239477,1.232140525,0.8207098,4.489262755,2.10200279,1.616074305,20.83110718,39.43169774,3.539711245,9.2936369,25.32427945,25.82104039,55.01857796,3.912157745,3.717411905,126.6268156,24.86123966,3.80390847
sample027,0.66212564,5.198860745,0.19535337,1.151823305,0.440247385,5.20780227,1.759582115,1.080038625,25.55679867,41.25263213,3.17022944,14.4629707,22.18990042,40.63383373,58.44101912,0.85480425,4.211669055,143.9644267,28.00224554,2.74870056
sample028,0.40618743,12.36329703,0.2092669,1.16000494,0.448772035,5.63345169,2.21030715,0.794075275,27.5822739,50.80763635,3.104887845,10.30752299,26.68443564,38.48438681,64.56845014,1.5505114,4.582864035,149.2830588,22.15232921,2.80991809
sample029,0.555178565,4.20503476,0.213686855,1.111712425,0.346568745,6.372587525,1.93895356,1.12218195,24.80876501,40.67466938,3.955183825,12.90130009,27.63893481,27.76218497,58.24612062,2.18485369,4.631934335,137.3205123,28.71952977,2.712714025
sample030,0.64320418,2.10406358,0.17049242,1.383189795,0.41278103,3.747448385,1.610253625,1.183208355,26.41354931,37.66819068,3.468831165,8.01794974,23.56004511,22.62556699,59.03555347,5.603835425,4.20297774,126.5147596,39.20904323,3.772689825
sample031,1.035713815,7.08957091,0.293761065,1.474184785,0.61572355,11.28720724,2.43128141,1.695953795,27.62144682,53.5448434,3.07680015,9.76234746,15.83633919,31.95882642,46.85581527,0.855069805,3.17745611,111.5226544,25.14449166,3.62071189
sample032,1.03214652,7.144145275,0.199436125,1.060680425,0.68094716,3.41819772,2.14260585,1.17302848,28.45479472,45.30598228,3.299642115,13.17015863,24.92897419,30.35295013,45.58007661,1.797635755,3.66828209,122.7977195,23.02202069,2.965968215
sample033,0.607846895,8.493669395,0.229920455,1.169689015,0.421786925,6.951072565,1.640395035,1.132576285,28.72670405,49.37366062,3.34831549,10.61042386,22.97937628,41.31887006,68.55140035,2.387591585,4.398099455,153.5940771,22.46178054,3.513493885
sample034,0.517774775,3.7717346,0.214102615,1.29857777,0.52608458,9.246875855,1.97697094,0.983705215,24.99443417,43.53026052,3.039935545,8.73713041,15.47486111,33.7658781,62.66008787,2.91095159,3.068535485,129.6573801,32.26065965,4.291038655
sample035,0.5429817,6.339647265,0.27057745,1.535602605,0.379380415,8.47949058,2.376606115,1.377550385,26.40538603,47.70722254,2.093858335,14.40573736,19.66762625,32.94348911,46.7578664,1.51770974,2.93365478,120.319942,29.90544402,3.065749155
sample036,0.48341658,1.24440816,0.14302541,1.192186415,0.61545519,4.82620916,1.85838192,0.76474589,16.59167811,27.71950683,2.68972131,14.90982293,28.00201481,33.23793871,58.90465401,1.964027345,3.014037775,142.7222169,34.92325089,3.101458955
sample037,0.58754622,7.59504575,0.239668035,1.69787773,0.47636247,10.21540448,2.4804155,1.306906265,29.69323312,54.29245957,4.263925465,8.738493695,25.22490582,26.40798987,78.27244697,2.58789107,4.909240445,150.4048933,30.3201293,3.26522924
sample038,0.53032774,7.418012835,0.16330202,1.02029653,0.484215035,2.57155193,2.001081565,0.956246775,23.39925225,38.54428669,2.42426666,14.97754968,28.55566991,26.47678945,39.09196884,2.11573841,2.80257969,116.4445626,22.13974316,4.07904904
sample039,0.469064235,6.106855535,0.179760905,1.10132609,0.226229455,5.039314945,2.516980015,1.14319477,30.44348387,47.22620982,2.73435123,14.45940296,27.83811164,41.60697087,58.12621791,4.311258825,4.18261667,153.2589301,26.52021589,3.540907975
sample040,0.4384863,6.459356505,0.21071515,1.28617497,0.303137255,3.452240135,1.817444865,1.173042205,22.07678972,37.21738712,2.80697008,13.78813211,27.10572432,42.14118994,51.80523566,1.90808823,4.895212815,144.4505531,22.54666056,3.468993125
sample041,0.447533305,11.02751587,0.207119625,1.455126735,0.45361144,8.41686689,2.230237545,1.196030435,28.46858505,53.90262689,3.275967015,10.59529191,29.90242006,27.21756486,57.79392124,3.301483875,2.69912944,134.7857784,23.96642246,2.2505127
sample042,1.211026665,3.573698615,0.19490511,0.82856833,0.975649655,6.81559088,1.466014845,0.89671845,23.95186037,39.91403292,3.35544853,11.81872102,24.79107795,29.55055366,50.86158958,3.844972665,4.46047321,128.6828366,32.70488304,4.487942795
sample043,0.62440928,6.40723713,0.25506771,1.25193699,0.5360767,5.1851327,2.600485705,1.3097911,28.80908388,46.97922119,3.71229861,12.73060603,26.0899214,30.03047721,39.31896469,2.2968211,3.14602771,117.3251167,27.55897054,3.39190643
sample044,0.84984364,4.322838905,0.17178197,0.86010923,0.648208575,5.51758388,1.640456665,0.9626807,13.53106698,28.50457054,3.73981084,9.67184886,24.23190138,27.55880557,58.5778777,4.000879525,3.84204608,131.6231699,29.82282929,4.0278013
sample045,0.51395803,16.81046174,0.20707416,1.172659155,0.32881088,4.615786905,1.713719055,1.455375625,41.02569789,67.84354345,2.92633752,9.51701567,22.60354081,31.32642413,52.05696155,2.417459015,3.38160598,124.2293447,22.89521361,3.277069725
sample046,0.719424315,4.223701055,0.241327045,1.45726068,0.46873415,6.209524435,1.99850338,1.355454905,21.84043688,38.51436685,3.321140915,10.86700885,27.33364112,22.93864662,51.93336431,3.277262405,3.64927183,123.320336,25.64082445,3.595585455
sample047,0.295600235,3.75117735,0.1113829,0.68148087,0.283042525,1.515942765,1.238569615,0.709905755,14.78076055,23.36786256,3.499984865,9.815706595,25.00862658,34.33339144,47.59942097,2.98537395,4.05026447,127.2927689,24.85175606,3.416106905
sample048,1.014270425,1.77603323,0.18075883,0.770236495,0.559246785,4.121423285,1.646397435,0.903133295,21.15306234,32.12456212,2.78250506,7.245450975,30.62878288,20.43599315,76.46409572,7.524686195,4.344215735,149.4257297,35.93098478,3.888868225
sample049,0.490356885,4.54603782,0.150962505,0.993158785,0.379717525,4.12750719,1.597500785,0.936755635,26.10355531,39.32555244,3.41581693,7.84042119,23.20185197,34.83797377,73.38510222,2.068737995,4.47814536,149.2280494,32.17637919,3.79498349
sample050,0.863058535,1.786669965,0.126852175,0.64954115,0.82049593,3.840114825,1.57857082,0.688791025,25.483691,35.83778542,1.85825707,10.41238434,27.67240783,44.28436008,65.7895663,2.632111535,4.775890725,157.4249779,31.80104182,3.225978115
sample051,0.46339923,6.304777105,0.15947875,1.185056955,0.519788975,3.782213055,1.50691793,0.942190335,23.37359396,38.2374163,3.212099655,13.76007981,34.98694751,37.31009822,61.03009546,3.817048735,4.192220785,158.3085902,29.20179962,2.93627295
sample052,0.45303686,2.074853225,0.1432152,0.94116522,0.344231735,2.88134506,1.570889265,0.907552955,12.94314483,22.25943435,3.657922045,8.86946383,29.77088873,30.34379373,60.92267249,2.850989145,4.321226745,140.7369567,30.73968243,3.688283745
sample053,0.52567501,1.09405414,0.1736559,1.582903345,0.362283125,3.28202144,1.9723742,0.767242045,18.00217346,27.76238267,4.686313265,6.29576065,26.35555405,26.28340578,77.88997992,5.33404199,4.84750657,151.6925622,38.72747422,2.580549165
sample054,0.935778975,1.40854641,0.16541203,1.11903934,0.34817362,2.70874614,1.605592115,0.84325778,14.14368036,23.27822677,2.717605425,10.76309566,22.43029825,50.58621264,63.2198804,1.413382015,4.45606912,155.5865435,37.10100021,3.51503759
sample055,0.54440484,1.66132424,0.218353665,1.632855155,0.49739738,7.17958198,1.715921535,0.641655165,19.89814918,33.98964315,3.24824276,10.63255094,29.17827666,43.29180315,70.99151522,2.99127939,6.879361725,167.2130298,35.98538014,2.068165025
sample056,0.82151836,1.94743999,0.26054646,0.87631551,0.514418185,4.16791341,1.367374365,0.905855945,20.15627326,31.01765548,2.745441715,10.61423857,25.18523984,40.17308227,67.64173728,0.633819935,4.94562736,151.939187,38.03014903,2.36236933
sample057,0.769142055,1.377652065,0.176356565,0.54524659,0.608068625,2.802971425,1.161232765,0.67712168,18.70914202,26.8269338,2.93178991,5.542564805,15.2361122,30.54695746,74.36445704,2.396911945,3.652773475,134.6715668,32.14374259,2.70926972
sample058,0.47323852,0.60743603,0.1451124,0.55594188,0.474666935,3.158716305,0.99935049,0.516882615,18.24775977,25.17910495,3.140633075,11.77646675,30.93243034,34.76713959,79.12867803,7.47277259,4.770855765,171.9889761,41.59812572,3.499020805
sample059,0.44660725,2.116350475,0.181547465,0.857218,0.25380897,3.991762335,1.281457865,0.871523785,16.24541627,26.24569241,4.452988675,7.968554015,26.86256205,24.54869708,68.43770774,1.670269915,4.57056141,138.5113409,29.78647716,2.932366965
sample060,1.85368948,6.86679973,0.318860415,0.429897795,0.8596306,6.65928739,1.61479662,1.223324725,27.43705851,47.26334527,2.8543205,9.357353625,23.25099013,23.96138633,50.14486946,2.77177127,2.82857318,115.1692645,24.58906634,2.91135264
sample061,0.36661505,6.32651941,0.252014265,1.17146486,0.39530359,8.14167099,1.45928247,0.9200392,22.32794915,41.36085898,2.91860166,7.49212933,20.43639849,33.47463544,63.41484339,3.90323997,5.26888355,136.9087318,32.14106347,3.162599605
sample062,0.419565115,4.38831396,0.29013687,0.992075105,0.345171,7.497105795,1.66076705,0.661465845,21.79953296,38.0541337,4.248245695,7.98779365,27.82852216,20.3007364,72.70023819,2.997841465,2.828326385,138.8917039,36.12490268,2.92799472
sample063,0.5957329,2.047166375,0.207435435,1.344713605,0.342518245,3.710353145,1.580448565,1.130240405,22.63464053,33.59324922,3.778762685,11.56633574,29.1632197,40.57816889,60.21130234,2.39769481,7.788141745,155.4836259,32.00368116,2.377172015
sample064,0.19508561,0.68394669,0.147851485,0.60141806,0.288471565,3.5542727,1.20271165,0.4680945,15.4567728,22.59862507,3.71536914,6.73919396,25.5364441,22.80722679,80.54630789,8.657461145,3.845710465,151.8477135,37.58537316,3.610925095
sample065,0.440944845,1.352165995,0.146797655,0.457450405,0.564481635,1.647574125,1.71274819,0.792989715,9.629323905,16.74447647,3.481072875,7.024918955,28.66368957,24.63936654,67.53531667,2.39855811,3.51581442,137.2587371,24.80036602,4.236992925
sample067,0.28200524,1.696844095,0.17783267,0.805376345,0.46323978,4.746830885,1.480021,0.914197225,15.08987949,25.65622673,3.104188745,8.43069416,15.67595901,36.74663913,67.52978924,1.13409693,3.80147989,136.4228471,31.14066269,2.99733346
sample071,0.218039195,2.92795029,0.156132855,0.79610153,0.275210505,3.181167725,1.88249156,1.008700585,16.67551408,27.12130832,3.162763745,15.33879395,31.024402,35.41507022,49.04473807,2.06005082,3.75964738,139.8054662,19.10298161,3.315145235
sample072,0.488050015,5.74672235,0.19335297,1.09904297,0.62724997,4.519750735,1.70968656,0.995848525,26.12762714,41.50733124,2.91335687,10.0321135,28.65536932,25.20837182,44.45774086,3.410313405,3.032759265,117.710025,18.52321352,4.414664455
sample073,0.300558405,1.99219588,0.13156812,0.897874215,0.174521645,2.3567051,1.37187645,0.61192326,9.091299545,16.92852262,3.681318645,13.10124689,35.87116469,28.63613001,47.87466467,2.56190523,2.83581117,134.5622413,24.72600199,4.19799755
sample074,0.420817065,1.51473796,0.156460965,1.048637435,0.3170418,3.19674358,1.933839545,0.852952945,16.86680792,26.30803923,3.966345795,12.63938432,36.53262265,24.2624655,45.78403325,2.54534971,3.405748295,129.1359495,21.51506139,3.070307835
sample075,0.637513365,6.81474425,0.280013615,1.107625095,0.36724617,4.164647835,1.985327065,1.163317625,27.58717769,44.1076127,3.02243529,12.66563821,19.69184975,30.99681873,42.11583723,1.647728145,3.233673345,113.3739807,18.94170837,2.7891745
sample077,0.458565625,5.560994595,0.197370825,1.10942775,0.277217145,4.488985095,1.738788765,0.890236175,17.10803218,31.82961816,3.01593505,9.107794355,26.52078756,25.92942119,53.79711924,3.512860775,2.58979852,124.4737167,27.51914524,3.577836525
sample078,0.79875061,1.111311035,0.198849945,0.52176246,0.544172065,4.383593455,1.605041845,0.86439541,17.5497395,27.57761633,3.01759623,8.981490835,22.51131111,27.93469079,70.31104514,4.133889025,3.400177185,140.2902003,32.28419698,3.659376825
sample079,0.28015997,1.15250735,0.09860513,0.863447575,0.26196863,2.25967821,1.097527375,0.630952425,10.85861989,17.50346656,2.85978335,11.24840918,30.27674192,31.00698654,81.84551475,1.259169885,4.86261138,163.359217,25.50040856,3.419756045
sample080,0.433204495,2.2810872,0.16331536,0.98324413,0.205648845,2.378000165,1.55247076,0.80481607,14.31103258,23.1128196,1.167651245,11.54882987,20.58599105,34.40168223,44.77682964,5.84848128,2.81782776,121.1472931,25.68809114,4.23587369
sample081,0.57606927,1.830967315,0.22034004,1.47054151,0.45792771,3.52126231,1.92502604,1.46037878,18.03835189,29.50086487,2.776626385,9.047094895,31.72593281,20.91471439,62.60791334,3.186422995,3.79560897,134.0543138,21.89191482,4.97675901
sample082,0.31758625,0.85608519,0.17706039,0.88317536,0.217459875,1.888342495,1.63450271,0.73876801,10.8269236,17.53990388,2.642995465,8.99324374,26.29945536,29.17348891,76.11587488,4.311447525,3.804129245,151.3406351,30.31321868,3.98599523
sample083,0.708315,2.32552595,0.18691141,0.59282801,0.420211425,2.95638343,2.380817965,1.11207384,17.24017818,27.92324521,2.28578818,9.51786734,27.8429569,24.01066033,50.70980847,5.150536255,3.31367818,122.8312957,18.67819269,4.2009588
sample084,0.5492891,1.446532755,0.169059895,1.020560295,0.22879544,2.82141746,2.175240625,1.04701314,12.11302976,21.57093847,1.95709262,9.904145805,25.58653557,30.86033372,56.13198476,6.14692967,3.505920625,134.0929428,26.85835204,5.31867813
sample085,0.61055081,2.139930695,0.179426925,0.70107197,0.26039419,3.1290029,1.78770945,0.865355125,14.27186012,23.94530219,2.86122304,11.28513008,35.20040549,26.03377264,68.687558,7.080148635,3.659557825,154.8077957,24.41366645,3.987255925
sample086,0.62733062,6.193093775,0.227765465,1.078562875,0.29618227,3.848576045,2.08295965,1.10242569,19.73051106,35.18740744,2.883186025,8.374618225,22.64441143,22.98743965,45.8099348,4.551888685,3.74940761,111.0008864,21.23456626,3.539436855
sample087,0.28129201,4.81920464,0.147486915,0.957008255,0.26249137,2.68900603,1.824138135,1.21624498,19.89674841,32.09362074,1.511311525,15.04367269,22.76623136,36.08791114,41.83258137,2.330179095,3.44545629,123.0173435,17.9840162,3.063906275
sample088,0.283719395,1.389323595,0.123434845,1.05939096,0.35096667,5.542422525,2.34781413,0.940186245,15.95769903,27.9949574,2.82648145,13.30196291,28.08658739,34.56425316,53.93824271,3.806651825,2.705774265,139.2299537,25.12830445,2.950218175
sample089,0.54767963,3.579826095,0.138447105,0.556697485,0.611399215,1.559508025,1.80942104,0.85013496,14.27481872,23.92793229,2.022034555,8.904111965,18.46298383,30.85157236,43.55388467,3.612270425,3.60326546,111.0101233,21.62826066,4.42922959
sample090,0.342078155,4.27770317,0.112786595,0.905297005,0.287796075,1.828372425,2.02298743,1.31954331,12.0971786,23.19374276,1.444284965,13.65490006,28.05110029,34.99115643,52.64105113,4.27916406,3.57883414,138.6404911,18.09973385,3.46690975
sample091,0.192543775,2.010236025,0.09170903,0.78616186,0.266395745,1.46560669,1.65699556,0.88754875,11.6160315,18.97322894,2.44454362,12.17445479,30.10686719,28.51111803,47.92457577,4.8287333,3.8088413,129.799134,18.91140796,4.1206895
sample092,0.262978475,2.54046715,0.139205165,0.783290655,0.357613405,3.441393325,2.193749725,0.97776704,14.79307317,25.4895381,3.469014625,10.50454337,21.87517396,33.2998891,54.53823499,2.838379405,3.57804008,130.1032755,28.78153344,3.901273385
sample093,0.256413045,2.777872955,0.1280893,0.742657735,0.284471585,2.483538715,1.92827547,0.819067665,12.41705251,21.83743898,3.110238595,10.19402234,21.29763822,40.69924609,61.08679341,2.45373474,4.272408305,143.1140817,36.13989166,4.724345765
sample094,0.225435465,3.785041265,0.11608479,0.886157825,0.132001305,1.492642125,1.346516505,0.95777844,11.73130332,20.67296104,3.0033363,12.5923583,33.97118746,37.06714565,70.57201252,4.007839525,3.73469062,164.9485704,37.79112489,2.455808965
sample095,0.329067325,1.653967065,0.171167595,0.989387665,0.22503985,2.158751775,2.91861649,1.13226636,17.39260566,26.97086979,2.93569222,8.838848715,23.83988694,30.64893007,63.04386422,4.88493655,4.213720745,138.4058795,33.60510328,3.926514665
sample098,0.421605755,2.83280339,0.168941635,0.75486627,0.26326359,1.744216095,1.89620282,0.88307577,17.02172149,25.9866968,1.562738115,13.63373016,23.91354549,34.23173145,47.51362171,3.0285844,3.462391985,127.3463433,22.15390325,3.048386135
sample099,0.540430925,4.221485805,0.188596825,0.670626495,0.686391625,3.29352756,2.55826743,0.69825924,22.59484202,35.45242792,2.976775525,8.325238735,24.11373916,23.5244895,54.90507523,3.56674246,4.217303635,121.6293643,23.97217615,4.40187623
sample100,0.208437455,1.72577811,0.20059839,0.96863125,0.262047495,2.33915636,1.69455747,0.6603991,12.92009212,20.97969775,2.999217405,9.7128446,28.26444045,29.08306987,63.17926882,5.83472461,4.32145883,143.3950246,30.64553707,3.67698769
sample101,0.253574015,4.17380404,0.20228831,1.13567546,0.28011718,3.538072815,2.026692885,1.05457349,15.18820799,27.85300619,4.55808435,13.11340753,16.75681373,44.63994491,45.68067753,1.605633845,6.42365258,132.7782145,29.09954258,3.176324835
sample102,0.24015447,6.182646845,0.210631785,1.272396285,0.445600885,4.34159803,1.857997765,0.96670716,19.88170278,35.39943602,2.52781372,9.1326207,22.64673847,31.6934292,47.36835774,2.41975455,3.311196775,119.0999112,27.09242743,3.44513743
sample103,0.510521765,4.69558668,0.23274464,1.10737122,0.20458783,3.296212525,1.911673945,1.010528365,14.82097777,27.79020475,4.32921367,9.21602742,23.28336045,38.02909591,61.92445111,2.849945635,5.530756115,145.1628503,37.24098767,2.95837575
sample104,0.321897145,3.262222075,0.129333915,0.86251532,0.27782803,1.644743805,1.50986765,0.744655925,13.33271954,22.0857834,4.47331665,14.81416084,28.53029936,40.59178613,46.22369793,4.33122053,4.460676205,143.4251576,34.3271097,3.83132463
sample105,0.48392875,1.130366545,0.14134427,0.95490524,0.533124975,1.940338115,1.793284825,1.003284605,12.86794844,20.84852576,3.90699015,8.936001785,34.84618884,23.89332565,65.76261401,4.78764628,4.301820535,146.4345872,30.05984476,2.859007935
sample106,0.409755755,0.737886355,0.26273942,1.16823158,0.396777215,3.868888985,2.15415029,0.738707325,12.09771503,21.83485196,3.90504773,7.85105914,24.87621933,36.13311106,75.02671138,1.982982965,6.66551196,156.4406436,43.88467002,2.81191906
sample107,0.300896875,0.6742631,0.10593491,0.944112155,0.24270778,1.752161785,1.562846115,0.5582893,10.82047992,16.96169195,2.693361295,11.13515068,21.27080335,48.93309369,61.99939416,2.46956415,5.2783445,153.7797118,30.20110195,4.591607125
sample108,0.25173488,0.986238065,0.11897923,0.905507045,0.21661995,0.8552892,1.65416541,0.61742324,9.294496635,14.90045366,1.735677855,10.84155653,15.9103598,55.8920227,58.02046034,1.423951795,7.520106045,151.3441351,29.54665801,3.120810365
sample109,0.442524495,1.796881,0.17453076,0.948469085,0.569977545,5.199601545,2.829321705,1.023511615,15.19847239,28.18329013,3.319768785,10.79876404,20.94651197,31.74703115,58.32553565,9.174703655,4.505987,138.8183022,40.8039393,4.34306726
sample110,0.483451985,2.23288347,0.17675155,1.123207955,0.337782195,5.32266415,2.64155129,0.70938809,13.94163469,26.96931539,3.90651677,10.25852261,21.5491864,27.64100489,61.94089044,9.21472983,5.63151985,140.1423708,37.16209357,4.29228704
sample111,0.29176058,1.485232815,0.21550652,0.932109385,0.314855255,2.58447299,1.738779095,0.700757455,15.82161375,24.08508783,3.151928135,8.033069355,32.99957088,28.70752324,79.37734181,2.119546085,4.345681565,158.7346611,36.74770007,3.792878025
sample112,0.390641545,0.72224453,0.16843692,0.59188937,0.19560274,2.102977415,1.74586548,0.5921349,5.9751349,12.48492781,3.157099215,7.14039025,21.48453329,25.65081076,72.7703873,6.13719806,3.10835623,139.4487751,43.79356215,3.54680427
sample113,0.442425585,0.857142475,0.17658125,0.596315435,0.520037365,2.51953005,1.476541995,0.47674924,8.91205562,15.97737902,3.153122475,7.816501415,22.80421874,34.12134668,77.14886349,3.064453205,4.93770234,153.0462083,44.50632387,3.51234107
sample114,0.306008395,1.529740785,0.15347009,0.735176325,0.275433745,2.217214725,1.845330305,0.789373225,13.45331011,21.3050577,3.833133905,9.554475275,27.85493331,28.78199279,67.29710728,2.306017205,3.57329762,143.2009574,35.35684144,3.10502863
sample115,0.338318715,6.017328695,0.16396918,1.343517085,0.325233215,3.47258234,1.698698275,0.65101764,12.15122963,26.16189478,4.05911654,9.69745147,37.19321602,22.13365547,84.36882101,1.919031155,4.51993347,163.8912251,34.35404246,3.160508565
sample116,0.612121855,3.39973786,0.259885365,1.147044295,0.195970325,4.95337804,2.957062815,1.00046512,12.97365436,27.49932004,3.339471735,13.05295673,23.46471202,31.19471663,47.27276016,3.10130835,4.63437929,126.0603049,38.88344357,3.971542165
sample117,0.90941236,3.50918609,0.155837135,0.62904227,0.51852109,2.510290325,2.339021875,0.96410358,14.52782325,26.06323797,2.674631745,6.430617175,15.61725698,27.45496402,51.08170556,7.646896625,3.84599676,114.7520689,30.12494111,4.675709595
sample118,0.52154936,6.011541405,0.178582085,0.99315144,0.577678865,3.24677541,2.15482621,0.87826898,16.90752024,31.469894,3.03896391,8.50474454,20.97404765,31.07899397,53.7802653,3.038615725,3.725374705,124.1410058,29.14258095,3.96361868
sample119,0.39212669,5.08695392,0.132336625,1.42573954,0.527366325,3.857842385,1.65511995,0.77193293,22.53893194,36.38835031,2.473926865,5.16747269,10.01771013,30.37747855,52.47319433,1.328302795,3.720401695,105.558487,31.82257715,4.71928381
sample120,0.355556455,1.29610561,0.124947145,0.85031058,0.17554175,1.518993715,1.6338829,0.70242553,11.56609899,18.22386267,2.702800595,7.32049548,19.66172708,26.75737592,71.00219882,2.27459389,3.71449604,133.4336878,34.98159489,3.98152024
sample121,0.24891324,0.69232593,0.14403372,0.72407258,0.14364958,2.06918889,1.26417001,0.44086036,9.83752813,15.56474244,3.51871635,9.76504101,25.44363783,38.15538898,72.93148086,3.05076525,3.80681803,156.6718483,47.08324373,4.15254497
sample122,0.571921745,3.30606998,0.17462682,1.181383985,0.595167,3.143450615,1.660676305,0.889098675,19.28652185,30.80891698,2.756141,9.36020275,19.09272427,30.30686007,56.34996091,2.38185587,3.3963322,123.6440771,32.58384306,4.137355665
sample123,0.418330135,1.23669416,0.202154605,1.31668976,0.304374425,3.36683976,1.781533545,0.929186265,16.21498464,25.7707873,4.121210915,10.6122254,21.3844911,37.01520729,67.07254911,4.14519562,4.37258039,148.7234598,34.19242829,3.47204805
sample124,0.541576125,2.64577412,0.212873985,0.861061965,0.50984864,2.56544889,1.461517275,1.182751055,15.9858236,25.96667566,3.60547369,9.701613975,17.40688364,40.40583863,51.72716621,2.770682755,4.01544662,129.6331055,33.50845113,3.419379965
sample125,0.24588684,0.83278309,0.090360625,0.54735,0.08735768,2.94210884,1.523600235,0.479183125,11.99941061,18.74804104,3.47595498,9.449855775,23.7316621,38.27126284,79.01013622,4.66767772,4.462542845,163.0690925,38.38297565,3.37725359
sample126,0.213549465,1.76010309,0.074886745,0.398851285,0.07573102,1.402554535,1.17369571,0.575234065,7.561795685,13.2364016,3.334543955,10.42980379,31.18572437,34.28961967,82.09811148,2.720189605,3.930644235,167.9886371,35.6016146,3.54276841
sample127,0.33638172,1.210376025,0.238818335,1.24943906,0.27350371,2.41956026,2.02300316,0.70103225,17.40409279,25.85620731,2.534233785,9.390511595,20.35878034,38.01206976,59.87032927,2.91519358,3.20737108,136.2884894,44.28667544,2.65441743
sample128,0.29664973,2.90755424,0.08904386,0.79296913,0.35667934,1.864563385,1.498275855,0.567164135,13.10938657,21.48228624,1.9289763,7.023512255,17.20315133,30.95517888,64.07741885,5.514966145,3.9836437,130.6868474,31.43674143,4.977445275
sample129,0.469517815,0.62928683,0.16307724,0.68281728,0.16487711,2.615387465,1.66448263,0.81906472,11.28081501,18.48932609,3.596298895,8.708766585,24.23985785,37.38167043,87.63646343,2.305578485,4.815022825,168.6836585,38.73126096,3.267666005
sample130,0.30441498,1.241989025,0.15565923,1.04250511,0.32976396,1.669970825,1.49728,0.7096279,13.45112054,20.40233157,2.76298929,9.292305205,20.10355926,34.70524029,65.89869479,1.605086345,3.610653235,137.9785284,35.38299918,4.02861624
sample131,0.26913661,1.02724791,0.1287115,0.80923758,0.271867425,2.136441,1.661118495,0.593253245,7.961837405,14.85885117,3.46925785,9.034304665,22.17482711,36.50855878,67.87927593,3.44327592,4.055478405,146.5649786,35.09309997,2.954742955
sample132,0.48268978,2.834992535,0.3996223,0.94567977,0.43671779,2.48498306,2.07878592,0.878127505,16.57172771,27.11332637,2.99402698,7.104184325,22.74305099,30.78085179,63.0033157,3.531184855,3.88381242,134.0404271,35.91509013,3.19021543
sample133,0.34157705,3.806202335,0.113885975,0.98269238,0.332270735,1.426449135,1.528616565,0.89701336,11.2304696,20.65917714,3.300664895,8.505873555,28.45237096,28.19888479,69.69627542,4.39450891,3.683372935,146.2319515,33.18045694,4.237950345
sample134,0.33525068,0.46779496,0.106438725,0.53853077,0.31368843,1.99350696,1.628488335,0.58313324,11.68142157,17.64825367,3.5520277,10.85158406,31.61237618,40.69605464,60.05815684,7.855067035,5.86034058,160.485607,41.78298141,2.89641936
sample135,0.47037627,3.79040962,0.35394853,1.29534987,0.25967545,4.041914825,1.86662414,0.990525245,14.62523167,27.69405561,2.988788625,15.82557273,26.08281218,45.32625048,44.15797211,7.02970663,4.375375445,145.7864782,40.00182769,3.401768595
sample136,0.350119185,1.383096765,0.18716218,1.18715628,0.28699782,3.40524083,1.79423724,0.70225319,12.81375851,22.110022,2.78560554,8.390014815,21.65900074,40.91755283,65.94051455,9.273991705,4.59209008,153.5587703,42.05711772,3.390899165
sample137,0.45573905,1.510739425,0.14261771,0.917977895,0.374044645,2.05917223,1.74810785,0.773122835,18.28425114,26.26577277,2.666190155,11.13683135,22.90264726,42.31633972,59.64691663,8.02258194,5.754877715,152.4463848,29.57606373,4.830995985
sample138,0.4533162,2.279248535,0.143777595,1.03567443,0.461681155,1.886186715,2.27233696,0.774700925,15.53683853,24.84376105,2.05386167,6.501328765,18.06473583,29.5688329,57.98014942,5.61696474,4.229623205,124.0154965,27.70839056,4.13361639
sample139,0.344551545,5.00098624,0.233370205,0.876452285,0.33877573,4.11351782,1.67488349,0.73096005,15.7618585,29.07535586,4.106174315,10.31102456,35.39402725,25.96305502,63.62207172,4.78708949,3.699808265,147.8832506,35.17227809,4.230865575
sample140,0.56586274,1.16963607,0.14861482,0.7719772,0.12369805,4.47620075,1.54248097,0.60133912,10.38655978,19.7863695,2.14805851,11.17769561,24.01067299,49.04505159,79.19524086,4.64637541,6.13609382,176.3591888,45.99249599,4.8658423
sample141,0.47145719,0.65997976,0.11765915,0.75650231,0.32849592,3.04728212,2.18666789,0.5977568,15.58483392,23.75063506,3.34794786,11.61083247,36.6647672,32.53710684,65.71238109,6.23182201,3.65393428,159.7587917,31.95487161,5.15261507
sample142,0.516876755,2.110852305,0.226729605,1.195015335,0.347354535,3.782926015,2.213729235,1.007545565,18.51512373,29.91615307,1.537664115,8.668439295,17.98021528,42.82647931,56.16700874,1.490323855,4.55238104,133.2225116,35.00218072,4.763131075
sample143,0.841016535,0.55567767,0.19712306,0.550308545,0.364048035,2.161860915,1.79550424,0.813626615,17.26746386,24.54662948,5.774887045,7.512803795,21.89678617,23.75222083,55.22320185,1.516009145,22.71280191,138.3887107,34.2896292,3.52605116
sample144,0.590991065,1.977902565,0.205510425,1.16807678,0.39618316,2.73487205,2.41339127,1.18108853,20.75070071,31.41871655,2.83263104,9.38873956,26.42061969,28.73684305,59.90766284,1.390742375,3.794033945,132.4712725,41.5258871,4.718382105
sample145,0.43852444,0.78844272,0.135159325,0.777316185,0.376065605,3.25019078,2.03833053,0.84511728,19.11698725,27.76613412,2.41494919,8.38594756,19.89384561,39.3370261,62.97009515,10.11456799,4.3331052,147.4495368,33.29911417,3.081026165
sample146,0.36700726,0.65994036,0.11097775,0.82202684,0.2995943,2.36334235,1.57128263,0.64371121,14.67175036,21.50963308,3.42721168,12.41481243,30.35892377,40.85934239,81.51945945,2.1731805,5.04371781,175.796648,36.1411811,3.62948104
sample147,0.29710978,0.58619852,0.136142305,0.670510245,0.396948505,4.296454315,2.09667567,0.563261715,13.52973482,22.57303588,4.176375605,10.29649162,32.82920068,33.10673564,85.33493492,5.227816305,4.854314605,175.8258694,34.46231275,2.993828345
sample148,0.254785505,0.380872305,0.079061595,0.649275505,0.17138981,1.60678204,1.52097078,0.55194655,5.4977296,10.7128137,5.08282798,10.45865977,33.7957587,31.22312089,73.18331859,4.37597246,13.14196621,171.2616246,43.25553165,4.121809595
sample149,0.356105985,2.39278427,0.174445615,1.28346538,0.210451815,2.47379049,1.71554196,0.51413522,7.01390545,16.13462618,2.383141405,9.86103991,25.03678977,49.87158518,86.84824038,5.25761824,8.568481785,187.8268967,43.13793024,3.22761372
sample150,0.42974862,1.26821263,0.114649695,0.949436975,0.27396649,4.49872963,2.011580705,0.65545003,10.68210152,20.88387629,2.60344099,11.73098356,24.20176529,41.40092272,60.95377078,3.753869315,4.254901565,148.8996542,32.18115425,3.58791028
sample151,0.43611658,0.645417215,0.10642886,0.52483682,0.200228755,1.30791199,1.811108125,0.466506745,5.9997046,11.49825969,3.562101155,13.32732148,37.25549864,38.91572497,64.74731258,6.885664845,7.378952765,172.0725764,39.35762161,4.04647082
sample152,0.45413098,0.45097262,0.196152445,0.71308458,0.217853035,5.32356589,2.235624865,0.72138497,10.55427204,20.86704142,2.768589725,8.743004915,20.37394199,44.15079908,68.50411926,6.159742845,3.64045731,154.3406551,46.60363914,4.17750179
sample153,0.36171253,0.39410282,0.18442043,0.92327825,0.168616675,4.72126298,2.135733975,0.6182295,10.92600202,20.43335918,2.04418695,8.729748755,19.45049989,46.1107576,70.41047458,6.344284795,4.55724587,157.6471984,45.50300438,3.8137717
sample154,0.608171085,0.52615826,0.182113095,0.665139465,0.292843325,4.66970547,1.929410255,0.67419335,10.51801611,20.06575042,2.313300285,8.61524601,18.46469501,45.91441078,70.45415423,5.7612086,3.87193142,155.3949463,43.29290215,4.468323955
sample158,0.25708519,0.36250016,0.11180357,0.656952155,0.46274199,0.98876217,1.496448935,0.58439416,6.12612675,11.04681508,3.38789639,11.27637255,38.80737368,34.40308268,77.8947446,1.59949951,4.52919273,171.8981621,34.79285068,4.30766414
sample159,0.484727395,1.524586785,0.213967385,1.074156655,0.35913063,6.6799836,2.625304545,0.79250222,17.76016436,31.51452358,3.523405665,8.19385337,17.34766041,37.62004262,68.54181002,4.43445221,5.31110282,144.9723271,38.03532569,4.39254574
sample163,0.49235583,1.19650883,0.20127341,0.90106773,0.27773383,2.99422465,1.85195953,0.86519129,11.13814259,19.91845769,2.80727951,13.06339105,27.27402972,39.72344753,65.43100615,2.39791267,5.01336707,155.7104337,37.02112558,5.00315534